Title,Genres,Categories,Rating
Sakura-Gari,"[""Drama"", ""Historical"", ""Mature"", ""Mystery"", ""Psychological"", ""Shoujo"", ""Tragedy"", ""Yaoi""]","[{""Category"": ""Bishounen"", ""Score"": ""33""}, {""Category"": ""Family Drama"", ""Score"": ""36""}, {""Category"": ""Half-Japanese"", ""Score"": ""36""}, {""Category"": ""Incest"", ""Score"": ""41""}, {""Category"": ""Loneliness"", ""Score"": ""36""}, {""Category"": ""Murder/s"", ""Score"": ""61""}, {""Category"": ""Possessive Lover/s"", ""Score"": ""58""}, {""Category"": ""Rape"", ""Score"": ""71""}, {""Category"": ""Sexual Abuse"", ""Score"": ""42""}, {""Category"": ""Taisho Era"", ""Score"": ""59""}]",8.53
Meteor Methuselah,"[""Action"", ""Adventure"", ""Comedy"", ""Drama"", ""Fantasy"", ""Romance"", ""Sci-fi"", ""Shoujo""]","[{""Category"": ""Age Gap"", ""Score"": ""54""}, {""Category"": ""Assassin/s"", ""Score"": ""52""}, {""Category"": ""Bounty Hunter/s"", ""Score"": ""61""}, {""Category"": ""Immortality"", ""Score"": ""80""}, {""Category"": ""Monster/s"", ""Score"": ""55""}, {""Category"": ""Older Male Younger Female"", ""Score"": ""51""}, {""Category"": ""Orphan/s"", ""Score"": ""40""}, {""Category"": ""Reincarnation"", ""Score"": ""46""}, {""Category"": ""Scientific Transformation/s"", ""Score"": ""36""}, {""Category"": ""Strong Female Lead"", ""Score"": ""39""}]",8.53
The Friendly Winter,"[""Comedy"", ""Drama"", ""Psychological"", ""Slice of Life""]","[{""Category"": ""Appearance Different from Actual Age"", ""Score"": ""29""}, {""Category"": ""Disability/ies"", ""Score"": ""28""}, {""Category"": ""Full Color"", ""Score"": ""29""}, {""Category"": ""Growth Disorder"", ""Score"": ""35""}, {""Category"": ""Innocent Male Lead"", ""Score"": ""31""}, {""Category"": ""Mental Illness"", ""Score"": ""27""}, {""Category"": ""Older Female Lead"", ""Score"": ""28""}, {""Category"": ""Parental Abandonment"", ""Score"": ""29""}, {""Category"": ""Sharp-Tongued Female Lead"", ""Score"": ""27""}, {""Category"": ""Short Female Lead"", ""Score"": ""27""}]",8.53
Adekan,"[""Action"", ""Comedy"", ""Drama"", ""Historical"", ""Mystery"", ""Psychological"", ""Shoujo"", ""Supernatural""]","[{""Category"": ""Androgynous Protagonist"", ""Score"": ""50""}, {""Category"": ""Bromance"", ""Score"": ""39""}, {""Category"": ""Comedic Undertone"", ""Score"": ""43""}, {""Category"": ""Crime/s"", ""Score"": ""46""}, {""Category"": ""Difficult Childhood"", ""Score"": ""32""}, {""Category"": ""Elaborate Art Style"", ""Score"": ""37""}, {""Category"": ""Hidden Past"", ""Score"": ""41""}, {""Category"": ""Hot-Blooded Male Lead"", ""Score"": ""31""}, {""Category"": ""Important Non-Romantic Relationship/s"", ""Score"": ""35""}, {""Category"": ""Police"", ""Score"": ""48""}]",8.53
Machida-kun no Sekai,"[""Comedy"", ""Drama"", ""Psychological"", ""Romance"", ""School Life"", ""Shoujo"", ""Slice of Life""]","[{""Category"": ""Caring Male Lead"", ""Score"": ""21""}, {""Category"": ""Caring Protagonist"", ""Score"": ""17""}, {""Category"": ""Chivalrous Male Lead"", ""Score"": ""16""}, {""Category"": ""Dense When It Comes to Love"", ""Score"": ""18""}, {""Category"": ""Female Lead Falls in Love First"", ""Score"": ""18""}, {""Category"": ""Glasses-Wearing Male Lead"", ""Score"": ""21""}, {""Category"": ""Glasses-Wearing Protagonist"", ""Score"": ""17""}, {""Category"": ""Helpful Protagonist"", ""Score"": ""21""}, {""Category"": ""Inexperienced in Love"", ""Score"": ""18""}, {""Category"": ""Siblings"", ""Score"": ""22""}]",8.53
Eden - It's an Endless World!,"[""Action"", ""Drama"", ""Mature"", ""Psychological"", ""Sci-fi"", ""Seinen""]","[{""Category"": ""Biopunk"", ""Score"": ""15""}, {""Category"": ""Character Growth"", ""Score"": ""27""}, {""Category"": ""Cyberpunk"", ""Score"": ""23""}, {""Category"": ""Dystopia"", ""Score"": ""22""}, {""Category"": ""Mythology"", ""Score"": ""15""}, {""Category"": ""Philosophical"", ""Score"": ""19""}, {""Category"": ""Politics"", ""Score"": ""25""}, {""Category"": ""Post-Apocalyptic"", ""Score"": ""22""}, {""Category"": ""Reflections on Human Existence"", ""Score"": ""17""}, {""Category"": ""Survival"", ""Score"": ""19""}]",8.53
Kodomo no Omocha,"[""Comedy"", ""Drama"", ""Romance"", ""School Life"", ""Shoujo"", ""Slice of Life""]","[{""Category"": ""Acting"", ""Score"": ""72""}, {""Category"": ""Adoption"", ""Score"": ""65""}, {""Category"": ""Child Actor/Actress"", ""Score"": ""50""}, {""Category"": ""Family"", ""Score"": ""61""}, {""Category"": ""Love Triangle/s"", ""Score"": ""56""}, {""Category"": ""Mature Child/ren"", ""Score"": ""65""}, {""Category"": ""Quirky Character/s"", ""Score"": ""54""}, {""Category"": ""Showbiz"", ""Score"": ""70""}, {""Category"": ""Strong Female Lead"", ""Score"": ""67""}, {""Category"": ""Student/s"", ""Score"": ""53""}]",8.53
Saigo no Door wo Shimero!,"[""Comedy"", ""Drama"", ""Romance"", ""Slice of Life"", ""Yaoi""]","[{""Category"": ""Adapted to Anime"", ""Score"": ""17""}, {""Category"": ""Alcohol"", ""Score"": ""19""}, {""Category"": ""Bickering Love"", ""Score"": ""28""}, {""Category"": ""Bisexual Character/s"", ""Score"": ""19""}, {""Category"": ""Drunken Intercourse"", ""Score"": ""19""}, {""Category"": ""Ex-Girlfriend"", ""Score"": ""15""}, {""Category"": ""Love Triangle/s"", ""Score"": ""31""}, {""Category"": ""Salaryman"", ""Score"": ""23""}, {""Category"": ""Straight Seme"", ""Score"": ""15""}, {""Category"": ""Unexpressed Feeling/s"", ""Score"": ""22""}]",8.52
Dousei Yankee Akamatsu Seven,"[""Action"", ""Comedy"", ""Drama"", ""Romance"", ""Slice of Life"", ""Yaoi""]","[{""Category"": ""Cohabitation"", ""Score"": ""17""}, {""Category"": ""Delinquent Male Lead"", ""Score"": ""16""}, {""Category"": ""Delinquent/s"", ""Score"": ""18""}, {""Category"": ""Fight/s"", ""Score"": ""18""}, {""Category"": ""Forced Prostitution"", ""Score"": ""10""}, {""Category"": ""Homeless"", ""Score"": ""16""}, {""Category"": ""Manly Gay Couple"", ""Score"": ""18""}, {""Category"": ""Roommates"", ""Score"": ""19""}, {""Category"": ""Runaway/s"", ""Score"": ""19""}, {""Category"": ""Yakuza/s"", ""Score"": ""16""}]",8.52
Gin no Saji,"[""Comedy"", ""Drama"", ""Romance"", ""School Life"", ""Shounen"", ""Slice of Life""]","[{""Category"": ""Agriculture"", ""Score"": ""56""}, {""Category"": ""Animal/s"", ""Score"": ""59""}, {""Category"": ""Character Growth"", ""Score"": ""46""}, {""Category"": ""Culture Shock"", ""Score"": ""33""}, {""Category"": ""Dormitory/ies"", ""Score"": ""48""}, {""Category"": ""Farmer/s"", ""Score"": ""52""}, {""Category"": ""Glasses-Wearing Male Lead"", ""Score"": ""37""}, {""Category"": ""Hard-Working Protagonist"", ""Score"": ""37""}, {""Category"": ""Hokkaido"", ""Score"": ""35""}, {""Category"": ""Lifestyle Change"", ""Score"": ""47""}]",8.52
Kuragehime,"[""Comedy"", ""Drama"", ""Gender Bender"", ""Josei"", ""Romance"", ""Slice of Life""]","[{""Category"": ""Adapted to Anime"", ""Score"": ""111""}, {""Category"": ""Apartment Life"", ""Score"": ""94""}, {""Category"": ""Cross-dressing"", ""Score"": ""124""}, {""Category"": ""Fashion"", ""Score"": ""106""}, {""Category"": ""Fashionable Male Lead"", ""Score"": ""99""}, {""Category"": ""NEET"", ""Score"": ""99""}, {""Category"": ""Nerdy Female Lead"", ""Score"": ""111""}, {""Category"": ""Otaku"", ""Score"": ""120""}, {""Category"": ""Rich Male Lead"", ""Score"": ""110""}, {""Category"": ""Social Outcast/s"", ""Score"": ""97""}]",8.52
Akira,"[""Action"", ""Drama"", ""Horror"", ""Mature"", ""Mystery"", ""Psychological"", ""Sci-fi"", ""Seinen"", ""Supernatural"", ""Tragedy""]","[{""Category"": ""Adapted to Movie"", ""Score"": ""16""}, {""Category"": ""Apocalypse"", ""Score"": ""20""}, {""Category"": ""Award-Nominated Work"", ""Score"": ""17""}, {""Category"": ""Award-Winning Work"", ""Score"": ""18""}, {""Category"": ""Biopunk"", ""Score"": ""17""}, {""Category"": ""Cyberpunk"", ""Score"": ""22""}, {""Category"": ""Dystopia"", ""Score"": ""30""}, {""Category"": ""ESP"", ""Score"": ""32""}, {""Category"": ""Post-Apocalyptic"", ""Score"": ""30""}, {""Category"": ""Romantic Subplot"", ""Score"": ""18""}]",8.52
Ran to Haiiro no Sekai,"[""Comedy"", ""Drama"", ""Fantasy"", ""Mystery"", ""Romance"", ""Seinen"", ""Slice of Life"", ""Supernatural""]","[{""Category"": ""Age Transformation"", ""Score"": ""60""}, {""Category"": ""Beautiful Female Lead"", ""Score"": ""41""}, {""Category"": ""Character Who Bullies the One They Love"", ""Score"": ""42""}, {""Category"": ""Family"", ""Score"": ""49""}, {""Category"": ""Innocent Female Lead"", ""Score"": ""41""}, {""Category"": ""Magic"", ""Score"": ""47""}, {""Category"": ""Siblings"", ""Score"": ""43""}, {""Category"": ""Sorcerer/s"", ""Score"": ""47""}, {""Category"": ""Tomboy/s"", ""Score"": ""36""}, {""Category"": ""Young to Old"", ""Score"": ""36""}]",8.52
Sekaiichi Hatsukoi,"[""Comedy"", ""Drama"", ""Romance"", ""Slice of Life"", ""Smut"", ""Yaoi""]","[{""Category"": ""Adapted to Anime"", ""Score"": ""78""}, {""Category"": ""Boss-Subordinate Relationship"", ""Score"": ""74""}, {""Category"": ""Comic Artist/s"", ""Score"": ""84""}, {""Category"": ""Coworker/s"", ""Score"": ""84""}, {""Category"": ""Editor/s"", ""Score"": ""86""}, {""Category"": ""First Love"", ""Score"": ""90""}, {""Category"": ""Hot-Blooded Male Lead"", ""Score"": ""68""}, {""Category"": ""Multiple Protagonists"", ""Score"": ""67""}, {""Category"": ""Neighbor/s"", ""Score"": ""83""}, {""Category"": ""Reunion/s"", ""Score"": ""68""}]",8.52
Only the Flower Knows,"[""Drama"", ""Romance"", ""Slice of Life"", ""Yaoi""]","[{""Category"": ""Clumsy Protagonist"", ""Score"": ""24""}, {""Category"": ""Dead Family Member/s"", ""Score"": ""18""}, {""Category"": ""Insecurity"", ""Score"": ""19""}, {""Category"": ""Laboratory"", ""Score"": ""26""}, {""Category"": ""Plant/s"", ""Score"": ""19""}, {""Category"": ""Student-Student Relationship"", ""Score"": ""22""}, {""Category"": ""Student/s"", ""Score"": ""30""}, {""Category"": ""Unexpressed Feeling/s"", ""Score"": ""20""}, {""Category"": ""University/College"", ""Score"": ""27""}, {""Category"": ""University/Post-Secondary Student/s"", ""Score"": ""20""}]",8.52
Boku Dake ga Inai Machi,"[""Drama"", ""Mystery"", ""Psychological"", ""Romance"", ""School Life"", ""Seinen"", ""Supernatural""]","[{""Category"": ""Adapted to Anime"", ""Score"": ""25""}, {""Category"": ""Amnesia"", ""Score"": ""25""}, {""Category"": ""Kidnapping/s"", ""Score"": ""36""}, {""Category"": ""Murder/s"", ""Score"": ""35""}, {""Category"": ""Past Plays a Big Role"", ""Score"": ""32""}, {""Category"": ""Serial Killer/s"", ""Score"": ""34""}, {""Category"": ""Time Loop"", ""Score"": ""35""}, {""Category"": ""Time Manipulation"", ""Score"": ""29""}, {""Category"": ""Time Travel"", ""Score"": ""36""}, {""Category"": ""Tragic Past"", ""Score"": ""34""}]",8.52
Takane to Hana,"[""Comedy"", ""Romance"", ""School Life"", ""Shoujo""]","[{""Category"": ""Age Gap"", ""Score"": ""46""}, {""Category"": ""Arrogant Male Lead"", ""Score"": ""38""}, {""Category"": ""Assertive Female Lead"", ""Score"": ""32""}, {""Category"": ""Bickering Love"", ""Score"": ""30""}, {""Category"": ""Blunt Character/s"", ""Score"": ""29""}, {""Category"": ""Different Social Status"", ""Score"": ""39""}, {""Category"": ""Narcissistic Male Lead"", ""Score"": ""31""}, {""Category"": ""Older Male Lead"", ""Score"": ""31""}, {""Category"": ""Older Male Younger Female"", ""Score"": ""37""}, {""Category"": ""Rich Male Lead"", ""Score"": ""30""}]",8.52
One Piece dj - Kaizokusen Noah,"[""Doujinshi"", ""Drama"", ""Fantasy"", ""Yaoi""]","[{""Category"": ""Flashbacks"", ""Score"": ""1""}, {""Category"": ""Heartwarming"", ""Score"": ""1""}, {""Category"": ""Injury/ies"", ""Score"": ""2""}, {""Category"": ""Ocean"", ""Score"": ""1""}, {""Category"": ""Pirate/s"", ""Score"": ""5""}, {""Category"": ""Sea"", ""Score"": ""2""}, {""Category"": ""Ship/s"", ""Score"": ""2""}, {""Category"": ""Swordsman"", ""Score"": ""2""}, {""Category"": ""Time Paradox"", ""Score"": ""2""}, {""Category"": ""Trapped"", ""Score"": ""4""}]",8.52
Super Lovers,"[""Comedy"", ""Drama"", ""School Life"", ""Shotacon"", ""Slice of Life"", ""Yaoi""]","[{""Category"": ""Accident/s"", ""Score"": ""98""}, {""Category"": ""Adoption"", ""Score"": ""100""}, {""Category"": ""Age Gap"", ""Score"": ""91""}, {""Category"": ""Amnesia"", ""Score"": ""97""}, {""Category"": ""Brother Complex"", ""Score"": ""111""}, {""Category"": ""Childhood Promise"", ""Score"": ""92""}, {""Category"": ""Dead Family Member/s"", ""Score"": ""89""}, {""Category"": ""Family"", ""Score"": ""95""}, {""Category"": ""Stepsiblings"", ""Score"": ""106""}, {""Category"": ""Twin/s"", ""Score"": ""86""}]",8.52
Chi's Sweet Home,"[""Comedy"", ""Seinen"", ""Slice of Life""]","[{""Category"": ""Adapted to Anime"", ""Score"": ""13""}, {""Category"": ""Animal Protagonist"", ""Score"": ""1""}, {""Category"": ""Animal's POV"", ""Score"": ""8""}, {""Category"": ""Animal/s"", ""Score"": ""3""}, {""Category"": ""Cat/s"", ""Score"": ""33""}, {""Category"": ""Character Growth"", ""Score"": ""3""}, {""Category"": ""Episodic with Underlying Continuous Plot"", ""Score"": ""1""}, {""Category"": ""Family"", ""Score"": ""27""}, {""Category"": ""Full Color"", ""Score"": ""34""}, {""Category"": ""Human-Nonhuman Relationship"", ""Score"": ""3""}]",8.51
Noragami,"[""Action"", ""Adventure"", ""Comedy"", ""Drama"", ""Shounen"", ""Supernatural""]","[{""Category"": ""Adapted to Anime"", ""Score"": ""55""}, {""Category"": ""Exorcism"", ""Score"": ""38""}, {""Category"": ""God-Human Relationship"", ""Score"": ""38""}, {""Category"": ""God/s"", ""Score"": ""67""}, {""Category"": ""Help from Spirits"", ""Score"": ""50""}, {""Category"": ""Human Weapon"", ""Score"": ""55""}, {""Category"": ""Out-of-Body Experience"", ""Score"": ""61""}, {""Category"": ""Slow Romance"", ""Score"": ""40""}, {""Category"": ""Spirit/s"", ""Score"": ""59""}, {""Category"": ""Subtle Romance"", ""Score"": ""38""}]",8.51
Kamisama no Uroko,"[""Fantasy"", ""Romance"", ""Supernatural"", ""Yaoi""]","[{""Category"": ""Arranged Marriage"", ""Score"": ""6""}, {""Category"": ""Dragon/s"", ""Score"": ""15""}, {""Category"": ""Fellatio/Blowjob"", ""Score"": ""6""}, {""Category"": ""God-Human Relationship"", ""Score"": ""17""}, {""Category"": ""Hometown"", ""Score"": ""11""}, {""Category"": ""Injury/ies"", ""Score"": ""9""}, {""Category"": ""Protective Boyfriend"", ""Score"": ""12""}, {""Category"": ""Protective Seme"", ""Score"": ""10""}, {""Category"": ""Transformation/s"", ""Score"": ""12""}, {""Category"": ""Writer/s"", ""Score"": ""12""}]",8.51
Blue Period.,"[""Drama"", ""Psychological"", ""School Life"", ""Seinen"", ""Slice of Life""]","[{""Category"": ""21st Century"", ""Score"": ""10""}, {""Category"": ""Adapted to Anime"", ""Score"": ""10""}, {""Category"": ""Art"", ""Score"": ""21""}, {""Category"": ""Art Student/s"", ""Score"": ""23""}, {""Category"": ""Award-Winning Work"", ""Score"": ""12""}, {""Category"": ""Character Growth"", ""Score"": ""10""}, {""Category"": ""Cross-dressing"", ""Score"": ""12""}, {""Category"": ""High School"", ""Score"": ""11""}, {""Category"": ""LGBT Character in Non-Yaoi/Yuri Manga"", ""Score"": ""18""}, {""Category"": ""Painting"", ""Score"": ""13""}]",8.51
Black Lagoon,"[""Action"", ""Adventure"", ""Comedy"", ""Drama"", ""Mature"", ""Seinen""]","[{""Category"": ""Adapted to Anime"", ""Score"": ""43""}, {""Category"": ""Antihero / Antiheroine"", ""Score"": ""31""}, {""Category"": ""Boat/s"", ""Score"": ""23""}, {""Category"": ""Female Fighter/s"", ""Score"": ""24""}, {""Category"": ""Gun/s"", ""Score"": ""56""}, {""Category"": ""Maid/s"", ""Score"": ""24""}, {""Category"": ""Mercenary/ies"", ""Score"": ""41""}, {""Category"": ""Pirate/s"", ""Score"": ""40""}, {""Category"": ""Smart Male Lead"", ""Score"": ""24""}, {""Category"": ""Strong Female Lead"", ""Score"": ""44""}]",8.51
Kokou no Hito,"[""Drama"", ""Mature"", ""Psychological"", ""Seinen"", ""Sports""]","[{""Category"": ""Dead Friend/s"", ""Score"": ""31""}, {""Category"": ""Deliberate Loner"", ""Score"": ""38""}, {""Category"": ""Guilt"", ""Score"": ""42""}, {""Category"": ""Hiking"", ""Score"": ""44""}, {""Category"": ""Loneliness"", ""Score"": ""46""}, {""Category"": ""Loner Protagonist"", ""Score"": ""46""}, {""Category"": ""Rock Climbing"", ""Score"": ""49""}, {""Category"": ""Search for Oneself"", ""Score"": ""41""}, {""Category"": ""Social Outcast/s"", ""Score"": ""26""}, {""Category"": ""Time Skip"", ""Score"": ""43""}]",8.51
Doukyuusei (NAKAMURA Asumiko),"[""Drama"", ""Romance"", ""School Life"", ""Shounen Ai""]","[{""Category"": ""All-Boys School"", ""Score"": ""44""}, {""Category"": ""Atypical Art Style"", ""Score"": ""25""}, {""Category"": ""Choir"", ""Score"": ""24""}, {""Category"": ""First Love"", ""Score"": ""47""}, {""Category"": ""Glasses-Wearing Male Lead"", ""Score"": ""38""}, {""Category"": ""Inexperienced in Love"", ""Score"": ""20""}, {""Category"": ""Model Student"", ""Score"": ""34""}, {""Category"": ""Opposites Attract"", ""Score"": ""42""}, {""Category"": ""Student-Student Relationship"", ""Score"": ""32""}, {""Category"": ""Student/s"", ""Score"": ""34""}]",8.51
Asterisk,"[""Action"", ""Adventure"", ""Drama"", ""Shounen Ai"", ""Supernatural""]","[{""Category"": ""Angel/s"", ""Score"": ""34""}, {""Category"": ""Animal Sidekick"", ""Score"": ""19""}, {""Category"": ""Animal/s"", ""Score"": ""17""}, {""Category"": ""Bishounen"", ""Score"": ""18""}, {""Category"": ""Childhood Friend/s"", ""Score"": ""31""}, {""Category"": ""Happy-Go-Lucky Protagonist"", ""Score"": ""17""}, {""Category"": ""Heaven"", ""Score"": ""29""}, {""Category"": ""Possessive Friend"", ""Score"": ""19""}, {""Category"": ""Sincere Male Lead"", ""Score"": ""25""}, {""Category"": ""Weak to Strong"", ""Score"": ""14""}]",8.51
Planetes,"[""Drama"", ""Psychological"", ""Romance"", ""Sci-fi"", ""Seinen"", ""Slice of Life""]","[{""Category"": ""Adapted to Anime"", ""Score"": ""11""}, {""Category"": ""Astronaut/s"", ""Score"": ""18""}, {""Category"": ""Award-Winning Work"", ""Score"": ""11""}, {""Category"": ""Episodic"", ""Score"": ""7""}, {""Category"": ""Future"", ""Score"": ""12""}, {""Category"": ""Hard Science Fiction"", ""Score"": ""12""}, {""Category"": ""Outer Space"", ""Score"": ""12""}, {""Category"": ""Reflections on Human Existence"", ""Score"": ""10""}, {""Category"": ""Space Travel"", ""Score"": ""9""}, {""Category"": ""Spaceship"", ""Score"": ""7""}]",8.51
Rutta to Kodama,"[""Drama"", ""Romance"", ""School Life"", ""Slice of Life"", ""Smut"", ""Yaoi""]","[{""Category"": ""Affectionate Seme"", ""Score"": ""27""}, {""Category"": ""Changed by Love"", ""Score"": ""35""}, {""Category"": ""Delinquent/s"", ""Score"": ""44""}, {""Category"": ""Dormitory/ies"", ""Score"": ""32""}, {""Category"": ""Friends Become Lovers"", ""Score"": ""33""}, {""Category"": ""Love Confession/s"", ""Score"": ""37""}, {""Category"": ""Roommates"", ""Score"": ""39""}, {""Category"": ""Student-Student Relationship"", ""Score"": ""36""}, {""Category"": ""Transfer Student/s"", ""Score"": ""31""}, {""Category"": ""Unrequited Love Becomes Requited"", ""Score"": ""28""}]",8.51
Black Haze,"[""Action"", ""Comedy"", ""Drama"", ""Fantasy"", ""School Life"", ""Shounen"", ""Supernatural"", ""Tragedy""]","[{""Category"": ""Demon/s"", ""Score"": ""65""}, {""Category"": ""Full Color"", ""Score"": ""71""}, {""Category"": ""Magic"", ""Score"": ""71""}, {""Category"": ""Magic School"", ""Score"": ""73""}, {""Category"": ""Magician/s"", ""Score"": ""70""}, {""Category"": ""Mission/s"", ""Score"": ""65""}, {""Category"": ""Protagonist Strong from the Start"", ""Score"": ""65""}, {""Category"": ""Secret Identity"", ""Score"": ""73""}, {""Category"": ""Strong Male Lead"", ""Score"": ""74""}, {""Category"": ""Transformation/s"", ""Score"": ""71""}]",8.51
NightS,"[""Comedy"", ""Drama"", ""Romance"", ""School Life"", ""Slice of Life"", ""Yaoi""]","[{""Category"": ""Age Gap"", ""Score"": ""28""}, {""Category"": ""Detective/s"", ""Score"": ""13""}, {""Category"": ""Drug Trafficking"", ""Score"": ""13""}, {""Category"": ""Identity Crisis"", ""Score"": ""21""}, {""Category"": ""Mafia"", ""Score"": ""36""}, {""Category"": ""Manly Gay Couple"", ""Score"": ""24""}, {""Category"": ""Mixed Blood"", ""Score"": ""26""}, {""Category"": ""Older Uke Younger Seme"", ""Score"": ""21""}, {""Category"": ""Secret Identity"", ""Score"": ""17""}, {""Category"": ""Strong Uke"", ""Score"": ""22""}]",8.51
Kimi wa Houkago Insomnia,"[""Comedy"", ""Drama"", ""Romance"", ""School Life"", ""Seinen"", ""Slice of Life""]","[{""Category"": ""Astronomy"", ""Score"": ""12""}, {""Category"": ""Glasses-Wearing Male Lead"", ""Score"": ""10""}, {""Category"": ""Glasses-Wearing Protagonist"", ""Score"": ""10""}, {""Category"": ""High School"", ""Score"": ""10""}, {""Category"": ""High School Student/s"", ""Score"": ""11""}, {""Category"": ""Insomnia"", ""Score"": ""13""}, {""Category"": ""School Club/s"", ""Score"": ""10""}, {""Category"": ""Secret/s"", ""Score"": ""8""}, {""Category"": ""Sleeping"", ""Score"": ""11""}, {""Category"": ""Slow Romance"", ""Score"": ""9""}]",8.51
Princess,"[""Adventure"", ""Drama"", ""Romance"", ""Shoujo""]","[{""Category"": ""character growth"", ""Score"": ""14""}, {""Category"": ""European Ambience"", ""Score"": ""15""}, {""Category"": ""Illegitimate Child/ren"", ""Score"": ""15""}, {""Category"": ""Politics"", ""Score"": ""16""}, {""Category"": ""Prince/s"", ""Score"": ""17""}, {""Category"": ""Princess/es"", ""Score"": ""18""}, {""Category"": ""Royalty"", ""Score"": ""18""}, {""Category"": ""Secret Identity"", ""Score"": ""14""}, {""Category"": ""Spanning Generations"", ""Score"": ""17""}, {""Category"": ""War/s"", ""Score"": ""18""}]",8.51
Hotarubi no Mori e,"[""Drama"", ""Fantasy"", ""Romance"", ""School Life"", ""Shoujo"", ""Slice of Life"", ""Supernatural"", ""Tragedy""]","[{""Category"": ""Adapted to Movie"", ""Score"": ""18""}, {""Category"": ""Childhood Friend/s"", ""Score"": ""22""}, {""Category"": ""Collection of Stories"", ""Score"": ""27""}, {""Category"": ""Folklore"", ""Score"": ""20""}, {""Category"": ""Forbidden Love"", ""Score"": ""21""}, {""Category"": ""Loneliness"", ""Score"": ""27""}, {""Category"": ""Music"", ""Score"": ""17""}, {""Category"": ""Musical Instrument/s"", ""Score"": ""17""}, {""Category"": ""Shinto"", ""Score"": ""22""}, {""Category"": ""Spirit/s"", ""Score"": ""29""}]",8.51
Ore ni Koi Shite Dousunda,"[""Comedy"", ""Drama"", ""Romance"", ""Slice of Life"", ""Yaoi""]","[{""Category"": ""Age Gap"", ""Score"": ""62""}, {""Category"": ""Bad Habits"", ""Score"": ""29""}, {""Category"": ""Bickering Love"", ""Score"": ""34""}, {""Category"": ""Bisexual Character/s"", ""Score"": ""32""}, {""Category"": ""Forced Living Arrangements"", ""Score"": ""33""}, {""Category"": ""Incest"", ""Score"": ""44""}, {""Category"": ""Live-in Lover"", ""Score"": ""43""}, {""Category"": ""Police"", ""Score"": ""48""}, {""Category"": ""Uncle"", ""Score"": ""39""}, {""Category"": ""Unexpected Feelings"", ""Score"": ""30""}]",8.50
Who Made Me a Princess,"[""Comedy"", ""Fantasy"", ""Romance"", ""Shoujo"", ""Slice of Life""]","[{""Category"": ""Amnesia"", ""Score"": ""31""}, {""Category"": ""Beautiful Family"", ""Score"": ""33""}, {""Category"": ""Beautiful Female Lead"", ""Score"": ""39""}, {""Category"": ""Emperor/s"", ""Score"": ""38""}, {""Category"": ""Father and Daughter"", ""Score"": ""45""}, {""Category"": ""Nobility/Aristocracy"", ""Score"": ""32""}, {""Category"": ""Princess/es"", ""Score"": ""42""}, {""Category"": ""Reincarnated in Another World"", ""Score"": ""37""}, {""Category"": ""Royalty"", ""Score"": ""40""}, {""Category"": ""Smart Female Lead"", ""Score"": ""32""}]",8.50
Neon Genesis Evangelion dj - Re-Take,"[""Action"", ""Adult"", ""Doujinshi"", ""Drama"", ""Mecha"", ""Romance"", ""Sci-fi"", ""Tragedy""]","[{""Category"": ""Adam and Eve Scenario"", ""Score"": ""3""}, {""Category"": ""Alternative Future"", ""Score"": ""3""}, {""Category"": ""Amnesia"", ""Score"": ""3""}, {""Category"": ""Attempted Suicide"", ""Score"": ""1""}, {""Category"": ""Character Growth"", ""Score"": ""1""}, {""Category"": ""Dream/s"", ""Score"": ""2""}, {""Category"": ""Love Interests Who Don't Get Along"", ""Score"": ""4""}, {""Category"": ""Marriage"", ""Score"": ""3""}, {""Category"": ""Search for Oneself"", ""Score"": ""3""}, {""Category"": ""Tsundere Character/s"", ""Score"": ""2""}]",8.50
Love Mode,"[""Action"", ""Comedy"", ""Drama"", ""Mature"", ""Romance"", ""Slice of Life"", ""Tragedy"", ""Yaoi""]","[{""Category"": ""Age Gap"", ""Score"": ""37""}, {""Category"": ""Brothel/s"", ""Score"": ""24""}, {""Category"": ""Extended Flashbacks"", ""Score"": ""18""}, {""Category"": ""Homophobia"", ""Score"": ""19""}, {""Category"": ""Host Club"", ""Score"": ""25""}, {""Category"": ""Host/Hostess"", ""Score"": ""25""}, {""Category"": ""Live-in Lover"", ""Score"": ""22""}, {""Category"": ""Mafia"", ""Score"": ""22""}, {""Category"": ""Multiple Protagonists"", ""Score"": ""22""}, {""Category"": ""Possessive Lover/s"", ""Score"": ""31""}]",8.50
Houseki no Kuni,"[""Action"", ""Adventure"", ""Drama"", ""Fantasy"", ""Mystery"", ""Psychological"", ""Sci-fi"", ""Seinen"", ""Slice of Life"", ""Tragedy""]","[{""Category"": ""Adapted to Anime"", ""Score"": ""23""}, {""Category"": ""Androgynous Character/s"", ""Score"": ""24""}, {""Category"": ""Androgynous Protagonist"", ""Score"": ""21""}, {""Category"": ""Body Modification"", ""Score"": ""20""}, {""Category"": ""Gemstones"", ""Score"": ""26""}, {""Category"": ""Genderless"", ""Score"": ""25""}, {""Category"": ""Immortal/s"", ""Score"": ""26""}, {""Category"": ""Loneliness"", ""Score"": ""22""}, {""Category"": ""Nonhuman Protagonist"", ""Score"": ""21""}, {""Category"": ""Nonhuman/s"", ""Score"": ""24""}]",8.50
Legend of the Northern Blade,"[""Action"", ""Adventure"", ""Martial Arts"", ""Romance"", ""Shounen""]","[{""Category"": ""Chinese Ambience"", ""Score"": ""3""}, {""Category"": ""Fight/s"", ""Score"": ""5""}, {""Category"": ""Male Protagonist"", ""Score"": ""5""}, {""Category"": ""Martial Artist/s"", ""Score"": ""5""}, {""Category"": ""Murim"", ""Score"": ""6""}, {""Category"": ""Romantic Subplot"", ""Score"": ""4""}, {""Category"": ""Sect/s"", ""Score"": ""5""}, {""Category"": ""Swordsman"", ""Score"": ""5""}, {""Category"": ""Time Skip"", ""Score"": ""6""}, {""Category"": ""Weak to Strong"", ""Score"": ""4""}]",8.50
Sanctuary,"[""Action"", ""Drama"", ""Mature"", ""Psychological"", ""Seinen""]","[{""Category"": ""Ambitious Goal/s"", ""Score"": ""17""}, {""Category"": ""Ambitious Protagonist"", ""Score"": ""16""}, {""Category"": ""Antihero / Antiheroine"", ""Score"": ""15""}, {""Category"": ""Best Friends"", ""Score"": ""14""}, {""Category"": ""Corruption"", ""Score"": ""15""}, {""Category"": ""Mafia"", ""Score"": ""20""}, {""Category"": ""Politician/s"", ""Score"": ""13""}, {""Category"": ""Politics"", ""Score"": ""20""}, {""Category"": ""Realistic Art Style"", ""Score"": ""13""}, {""Category"": ""Strategic Minds"", ""Score"": ""16""}]",8.50
Shigatsu wa Kimi no Uso,"[""Comedy"", ""Drama"", ""Psychological"", ""Romance"", ""School Life"", ""Shounen"", ""Slice of Life"", ""Tragedy""]","[{""Category"": ""Adapted to Anime"", ""Score"": ""25""}, {""Category"": ""Classical Music"", ""Score"": ""29""}, {""Category"": ""Competition/s"", ""Score"": ""21""}, {""Category"": ""Dead Parent/s"", ""Score"": ""25""}, {""Category"": ""Love through Music"", ""Score"": ""22""}, {""Category"": ""Music"", ""Score"": ""23""}, {""Category"": ""Past Plays a Big Role"", ""Score"": ""25""}, {""Category"": ""Piano"", ""Score"": ""29""}, {""Category"": ""Sickly Character/s"", ""Score"": ""20""}, {""Category"": ""Strict Parent/s"", ""Score"": ""25""}]",8.50
Kingyo Sou,"[""Comedy"", ""Drama"", ""Romance"", ""School Life"", ""Shoujo""]","[{""Category"": ""Cell Phone/s"", ""Score"": ""16""}, {""Category"": ""Deaf Protagonist"", ""Score"": ""17""}, {""Category"": ""Deafness"", ""Score"": ""42""}, {""Category"": ""Disability/ies"", ""Score"": ""44""}, {""Category"": ""Female Lead Falls in Love First"", ""Score"": ""16""}, {""Category"": ""Fish/es"", ""Score"": ""18""}, {""Category"": ""Long-Distance Relationship"", ""Score"": ""18""}, {""Category"": ""Music"", ""Score"": ""33""}, {""Category"": ""Older Male Younger Female"", ""Score"": ""18""}, {""Category"": ""University/Post-Secondary Student/s"", ""Score"": ""15""}]",8.50
Ookami to Koushinryou,"[""Adventure"", ""Comedy"", ""Drama"", ""Fantasy"", ""Mature"", ""Romance"", ""Seinen"", ""Slice of Life""]","[{""Category"": ""Adapted to Anime"", ""Score"": ""48""}, {""Category"": ""Animal Characteristics"", ""Score"": ""40""}, {""Category"": ""Based on a Novel"", ""Score"": ""54""}, {""Category"": ""Economics"", ""Score"": ""42""}, {""Category"": ""European Ambience"", ""Score"": ""47""}, {""Category"": ""Flirting"", ""Score"": ""44""}, {""Category"": ""Goddess/es"", ""Score"": ""47""}, {""Category"": ""Human-Nonhuman Relationship"", ""Score"": ""40""}, {""Category"": ""Merchant/s"", ""Score"": ""58""}, {""Category"": ""Unorthodox Female Love Interest"", ""Score"": ""48""}]",8.50
Saiyuki Reload,"[""Action"", ""Adventure"", ""Comedy"", ""Drama"", ""Fantasy"", ""Josei"", ""Supernatural""]","[{""Category"": ""Bromance"", ""Score"": ""11""}, {""Category"": ""Demon/s"", ""Score"": ""14""}, {""Category"": ""Important Non-Romantic Relationship/s"", ""Score"": ""12""}, {""Category"": ""Journey"", ""Score"": ""12""}, {""Category"": ""Journey to the West"", ""Score"": ""13""}, {""Category"": ""Multiple Protagonists"", ""Score"": ""13""}, {""Category"": ""Priest/s"", ""Score"": ""12""}, {""Category"": ""Quest/s"", ""Score"": ""6""}, {""Category"": ""Special Ability/ies"", ""Score"": ""12""}, {""Category"": ""Sutras"", ""Score"": ""6""}]",8.50
Kubera,"[""Action"", ""Adventure"", ""Comedy"", ""Drama"", ""Fantasy"", ""Mystery"", ""Romance"", ""Shounen""]","[{""Category"": ""Dead Family Member/s"", ""Score"": ""42""}, {""Category"": ""God-Human Relationship"", ""Score"": ""60""}, {""Category"": ""God/s"", ""Score"": ""62""}, {""Category"": ""Human-Nonhuman Relationship"", ""Score"": ""46""}, {""Category"": ""Magic"", ""Score"": ""59""}, {""Category"": ""Magical World"", ""Score"": ""62""}, {""Category"": ""Magician/s"", ""Score"": ""47""}, {""Category"": ""Past Plays a Big Role"", ""Score"": ""52""}, {""Category"": ""Revenge"", ""Score"": ""43""}, {""Category"": ""Strong Female Lead"", ""Score"": ""61""}]",8.50
Mob Psycho 100,"[""Action"", ""Comedy"", ""Drama"", ""Psychological"", ""School Life"", ""Sci-fi"", ""Shounen"", ""Slice of Life"", ""Supernatural""]","[{""Category"": ""Brother/s"", ""Score"": ""22""}, {""Category"": ""Calm Protagonist"", ""Score"": ""26""}, {""Category"": ""Comedic Undertone"", ""Score"": ""19""}, {""Category"": ""Emotionless Protagonist"", ""Score"": ""20""}, {""Category"": ""ESP"", ""Score"": ""27""}, {""Category"": ""Expressionless Protagonist"", ""Score"": ""27""}, {""Category"": ""Ghost/s"", ""Score"": ""25""}, {""Category"": ""Master-Disciple Relationship"", ""Score"": ""23""}, {""Category"": ""Spirit/s"", ""Score"": ""22""}, {""Category"": ""Super Powers"", ""Score"": ""27""}]",8.49
Eleceed,"[""Action"", ""Comedy"", ""Shounen"", ""Supernatural""]","[{""Category"": ""Animal Lover"", ""Score"": ""16""}, {""Category"": ""Animal Transformation"", ""Score"": ""16""}, {""Category"": ""Caring Protagonist"", ""Score"": ""15""}, {""Category"": ""Cat/s"", ""Score"": ""15""}, {""Category"": ""Friendship"", ""Score"": ""13""}, {""Category"": ""Full Color"", ""Score"": ""12""}, {""Category"": ""Hidden Power/s"", ""Score"": ""11""}, {""Category"": ""Master-Disciple Relationship"", ""Score"": ""13""}, {""Category"": ""Special Ability/ies"", ""Score"": ""14""}, {""Category"": ""Webtoon"", ""Score"": ""13""}]",8.49
Sex Pistols,"[""Comedy"", ""Drama"", ""Mature"", ""Romance"", ""Slice of Life"", ""Supernatural"", ""Yaoi""]","[{""Category"": ""Adapted to Anime"", ""Score"": ""52""}, {""Category"": ""Aggressive Lover"", ""Score"": ""36""}, {""Category"": ""Animal Characteristics"", ""Score"": ""72""}, {""Category"": ""Animal Transformation"", ""Score"": ""72""}, {""Category"": ""Changed by Love"", ""Score"": ""35""}, {""Category"": ""Glasses-Wearing Male Lead"", ""Score"": ""39""}, {""Category"": ""Jealousy"", ""Score"": ""37""}, {""Category"": ""LGBT Parent/s"", ""Score"": ""33""}, {""Category"": ""Playboy/s"", ""Score"": ""35""}, {""Category"": ""Possessive Lover/s"", ""Score"": ""34""}]",8.49
"Kashikomarimashita, Destiny","[""Comedy"", ""Drama"", ""Romance"", ""Yaoi""]","[{""Category"": ""Bickering Love"", ""Score"": ""14""}, {""Category"": ""Butler/s"", ""Score"": ""22""}, {""Category"": ""Childhood Love"", ""Score"": ""17""}, {""Category"": ""Fated Lovers"", ""Score"": ""19""}, {""Category"": ""Heir/Heiress"", ""Score"": ""18""}, {""Category"": ""Male Pregnancy"", ""Score"": ""13""}, {""Category"": ""Master-Servant Relationship"", ""Score"": ""15""}, {""Category"": ""Omegaverse"", ""Score"": ""23""}, {""Category"": ""Servant/s"", ""Score"": ""17""}, {""Category"": ""Unexpressed Feeling/s"", ""Score"": ""16""}]",8.49
Jackass!,"[""Comedy"", ""Drama"", ""Romance"", ""School Life"", ""Slice of Life"", ""Yaoi""]","[{""Category"": ""All-Boys School"", ""Score"": ""27""}, {""Category"": ""Caught in the Act"", ""Score"": ""24""}, {""Category"": ""Childhood Friend/s"", ""Score"": ""27""}, {""Category"": ""Coming Out of the Closet"", ""Score"": ""25""}, {""Category"": ""Fetish/es"", ""Score"": ""32""}, {""Category"": ""Footjob"", ""Score"": ""26""}, {""Category"": ""Pantyhose"", ""Score"": ""25""}, {""Category"": ""Poor Male Lead"", ""Score"": ""24""}, {""Category"": ""School Boy/s"", ""Score"": ""25""}, {""Category"": ""Student-Student Relationship"", ""Score"": ""28""}]",8.49
Usagi Otoko Tora Otoko,"[""Comedy"", ""Drama"", ""Romance"", ""Yaoi""]","[{""Category"": ""Animal Characteristics"", ""Score"": ""56""}, {""Category"": ""Attempted Murder"", ""Score"": ""17""}, {""Category"": ""Doctor/s"", ""Score"": ""57""}, {""Category"": ""Mafia"", ""Score"": ""59""}, {""Category"": ""Near-Death Experience"", ""Score"": ""18""}, {""Category"": ""Older Seme Younger Uke"", ""Score"": ""20""}, {""Category"": ""Opposites Attract"", ""Score"": ""24""}, {""Category"": ""Rabbit/s"", ""Score"": ""42""}, {""Category"": ""Straight Seme"", ""Score"": ""21""}, {""Category"": ""Tiger/s"", ""Score"": ""43""}]",8.49
Life Senjou no Bokura,"[""Drama"", ""Romance"", ""Slice of Life"", ""Tragedy"", ""Yaoi""]","[{""Category"": ""Age Progression"", ""Score"": ""16""}, {""Category"": ""Breakup/s"", ""Score"": ""10""}, {""Category"": ""Childlike Male Lead"", ""Score"": ""10""}, {""Category"": ""Daydreamer"", ""Score"": ""17""}, {""Category"": ""Death of Loved One/s"", ""Score"": ""10""}, {""Category"": ""Fated Lovers"", ""Score"": ""10""}, {""Category"": ""Lifetime"", ""Score"": ""16""}, {""Category"": ""Regret"", ""Score"": ""13""}, {""Category"": ""Separation/s"", ""Score"": ""12""}, {""Category"": ""Time Skip"", ""Score"": ""13""}]",8.49
Hajimari no Niina,"[""Drama"", ""Romance"", ""Shoujo"", ""Slice of Life"", ""Supernatural""]","[{""Category"": ""Accident/s"", ""Score"": ""25""}, {""Category"": ""Age Gap"", ""Score"": ""31""}, {""Category"": ""Cool Male Lead"", ""Score"": ""24""}, {""Category"": ""Death of Loved One/s"", ""Score"": ""32""}, {""Category"": ""Memories"", ""Score"": ""24""}, {""Category"": ""Older Male Younger Female"", ""Score"": ""31""}, {""Category"": ""Past Plays a Big Role"", ""Score"": ""21""}, {""Category"": ""Reincarnation"", ""Score"": ""34""}, {""Category"": ""Starting a New Life"", ""Score"": ""24""}, {""Category"": ""Time Skip"", ""Score"": ""30""}]",8.49
Bastard (HWANG Youngchan),"[""Drama"", ""Horror"", ""Mystery"", ""Psychological"", ""Romance"", ""School Life"", ""Seinen"", ""Tragedy""]","[{""Category"": ""Abuse"", ""Score"": ""27""}, {""Category"": ""Appearance Different from Personality"", ""Score"": ""25""}, {""Category"": ""Bullying"", ""Score"": ""28""}, {""Category"": ""Dark Ambience"", ""Score"": ""27""}, {""Category"": ""Disability/ies"", ""Score"": ""23""}, {""Category"": ""Father-Son Relationship"", ""Score"": ""24""}, {""Category"": ""Full Color"", ""Score"": ""25""}, {""Category"": ""Murder/s"", ""Score"": ""25""}, {""Category"": ""Serial Killer/s"", ""Score"": ""28""}, {""Category"": ""Single Parent"", ""Score"": ""22""}]",8.49
H2,"[""Comedy"", ""Drama"", ""Romance"", ""School Life"", ""Shounen"", ""Slice of Life"", ""Sports""]","[{""Category"": ""Adapted to Anime"", ""Score"": ""13""}, {""Category"": ""Adapted to Live Action"", ""Score"": ""12""}, {""Category"": ""Baseball"", ""Score"": ""22""}, {""Category"": ""Childhood Friend/s"", ""Score"": ""10""}, {""Category"": ""Club/s"", ""Score"": ""19""}, {""Category"": ""Multiple Protagonists"", ""Score"": ""13""}, {""Category"": ""Partially Adapted to Anime"", ""Score"": ""6""}, {""Category"": ""Rivalry"", ""Score"": ""7""}, {""Category"": ""Slow Romance"", ""Score"": ""18""}, {""Category"": ""Teamwork"", ""Score"": ""5""}]",8.49
Iryuu - Team Medical Dragon,"[""Drama"", ""Mature"", ""Psychological"", ""Seinen"", ""Slice of Life""]","[{""Category"": ""Adapted to Live Action"", ""Score"": ""12""}, {""Category"": ""Award-Winning Work"", ""Score"": ""21""}, {""Category"": ""Corruption"", ""Score"": ""35""}, {""Category"": ""Doctor/s"", ""Score"": ""35""}, {""Category"": ""Genius/es"", ""Score"": ""26""}, {""Category"": ""Medical"", ""Score"": ""41""}, {""Category"": ""Office Politics"", ""Score"": ""29""}, {""Category"": ""Smart Female Lead"", ""Score"": ""18""}, {""Category"": ""Strong Female Lead"", ""Score"": ""22""}, {""Category"": ""Strong Male Lead"", ""Score"": ""17""}]",8.49
Sengoku Youko,"[""Action"", ""Adventure"", ""Comedy"", ""Drama"", ""Romance"", ""Shounen"", ""Supernatural""]","[{""Category"": ""Dark Ambience"", ""Score"": ""16""}, {""Category"": ""Demon/s"", ""Score"": ""33""}, {""Category"": ""Fox Spirit/Demon"", ""Score"": ""26""}, {""Category"": ""Goddess/es"", ""Score"": ""26""}, {""Category"": ""Ronin Samurai"", ""Score"": ""14""}, {""Category"": ""Samurai"", ""Score"": ""23""}, {""Category"": ""Spirit/s"", ""Score"": ""14""}, {""Category"": ""Stepsiblings"", ""Score"": ""21""}, {""Category"": ""Time Skip"", ""Score"": ""15""}, {""Category"": ""Travel"", ""Score"": ""33""}]",8.48
Otome Game no Burikko Akuyaku Onna wa Mahou Otaku ni Natta (Novel),"[""Action"", ""Comedy"", ""Fantasy"", ""Romance"", ""Shoujo""]","[{""Category"": ""Childhood Friend/s"", ""Score"": ""19""}, {""Category"": ""Dense Female Lead"", ""Score"": ""12""}, {""Category"": ""Dense When It Comes to Love"", ""Score"": ""22""}, {""Category"": ""Mage/s"", ""Score"": ""19""}, {""Category"": ""Magician/s"", ""Score"": ""19""}, {""Category"": ""Male Lead Falls in Love First"", ""Score"": ""11""}, {""Category"": ""Politics Involving Royalty"", ""Score"": ""17""}, {""Category"": ""Reincarnation"", ""Score"": ""7""}, {""Category"": ""Sword and Sorcery/Magic"", ""Score"": ""17""}, {""Category"": ""Web Novel"", ""Score"": ""8""}]",8.48
Feng Yu Jiu Tian (Novel),"[""Adventure"", ""Comedy"", ""Drama"", ""Fantasy"", ""Historical"", ""Romance"", ""Slice of Life"", ""Supernatural"", ""Yaoi""]","[{""Category"": ""Body Swap/s"", ""Score"": ""24""}, {""Category"": ""China"", ""Score"": ""9""}, {""Category"": ""Politics Involving Royalty"", ""Score"": ""21""}, {""Category"": ""Possessive Lover/s"", ""Score"": ""20""}, {""Category"": ""Royalty"", ""Score"": ""23""}, {""Category"": ""Smart Male Lead"", ""Score"": ""22""}, {""Category"": ""Strategic Battles"", ""Score"": ""14""}, {""Category"": ""Strong leader"", ""Score"": ""19""}, {""Category"": ""Time Travel"", ""Score"": ""20""}, {""Category"": ""War/s"", ""Score"": ""14""}]",8.48
Beast Master,"[""Comedy"", ""Drama"", ""Romance"", ""School Life"", ""Shoujo""]","[{""Category"": ""Animal Characteristics"", ""Score"": ""120""}, {""Category"": ""Appearance Different from Personality"", ""Score"": ""123""}, {""Category"": ""Emotionally Strong Female Lead"", ""Score"": ""32""}, {""Category"": ""Friends Become Lovers"", ""Score"": ""42""}, {""Category"": ""Inheritance"", ""Score"": ""76""}, {""Category"": ""Master-Pet Relationship"", ""Score"": ""73""}, {""Category"": ""Naive Male Lead"", ""Score"": ""56""}, {""Category"": ""Split Personality"", ""Score"": ""71""}, {""Category"": ""Strong Female Lead"", ""Score"": ""107""}, {""Category"": ""Veterinarian/s"", ""Score"": ""63""}]",8.48
"Jumyou wo Kaitotte Moratta. Ichinen ni Tsuki, Ichimanen de.","[""Psychological"", ""Romance"", ""Shounen"", ""Slice of Life"", ""Supernatural"", ""Tragedy""]","[{""Category"": ""Artist/s"", ""Score"": ""11""}, {""Category"": ""Based on a Novel"", ""Score"": ""13""}, {""Category"": ""Calm Female Lead"", ""Score"": ""14""}, {""Category"": ""Changed Man"", ""Score"": ""12""}, {""Category"": ""Character Growth"", ""Score"": ""14""}, {""Category"": ""Childhood Friend/s"", ""Score"": ""15""}, {""Category"": ""Childhood Promise"", ""Score"": ""15""}, {""Category"": ""Depression"", ""Score"": ""12""}, {""Category"": ""Limited Lifespan"", ""Score"": ""16""}, {""Category"": ""Mysterious Store/Products/Services"", ""Score"": ""14""}]",8.48
Bakuman.,"[""Comedy"", ""Drama"", ""Romance"", ""School Life"", ""Shounen"", ""Slice of Life""]","[{""Category"": ""Adapted to Anime"", ""Score"": ""108""}, {""Category"": ""Ambitious Protagonist"", ""Score"": ""78""}, {""Category"": ""Assistant/s"", ""Score"": ""79""}, {""Category"": ""Award-Nominated Work"", ""Score"": ""107""}, {""Category"": ""Character Growth"", ""Score"": ""134""}, {""Category"": ""Comic Artist/s"", ""Score"": ""175""}, {""Category"": ""Comic Industry"", ""Score"": ""126""}, {""Category"": ""Coming of Age"", ""Score"": ""141""}, {""Category"": ""Dream/s"", ""Score"": ""80""}, {""Category"": ""Married Couple"", ""Score"": ""121""}]",8.48
Trapped (Haemuri),"[""Drama"", ""Josei"", ""Mystery"", ""Psychological"", ""Romance"", ""Supernatural""]","[{""Category"": ""Blackmail"", ""Score"": ""8""}, {""Category"": ""Cruel Male Lead"", ""Score"": ""8""}, {""Category"": ""Enemies Become Lovers"", ""Score"": ""10""}, {""Category"": ""Ex-Convict"", ""Score"": ""9""}, {""Category"": ""Love-Hate Relationship"", ""Score"": ""8""}, {""Category"": ""Serial Killer/s"", ""Score"": ""8""}, {""Category"": ""Sexual Tension"", ""Score"": ""9""}, {""Category"": ""Slow Romance"", ""Score"": ""9""}, {""Category"": ""Vampire/s"", ""Score"": ""12""}, {""Category"": ""Webtoon"", ""Score"": ""11""}]",8.48
Our Sunny Days,"[""Mature"", ""Romance"", ""Slice of Life"", ""Smut"", ""Yaoi""]","[{""Category"": ""Abandoned Child/ren"", ""Score"": ""3""}, {""Category"": ""Absent Mother"", ""Score"": ""3""}, {""Category"": ""Age Gap"", ""Score"": ""6""}, {""Category"": ""Baby/ies"", ""Score"": ""5""}, {""Category"": ""Childcare"", ""Score"": ""5""}, {""Category"": ""Countryside"", ""Score"": ""5""}, {""Category"": ""Healing"", ""Score"": ""4""}, {""Category"": ""Muscular Seme"", ""Score"": ""4""}, {""Category"": ""Single Father"", ""Score"": ""5""}, {""Category"": ""Wholesome"", ""Score"": ""4""}]",8.48
Sukima Shiki,"[""Romance"", ""Shoujo"", ""Slice of Life""]","[{""Category"": ""Based on a Song"", ""Score"": ""13""}, {""Category"": ""Collection of Stories"", ""Score"": ""13""}, {""Category"": ""Cooking"", ""Score"": ""2""}, {""Category"": ""Couple Growth"", ""Score"": ""1""}, {""Category"": ""Family"", ""Score"": ""11""}, {""Category"": ""Food/Gourmet"", ""Score"": ""11""}, {""Category"": ""Music"", ""Score"": ""11""}, {""Category"": ""Part-Time Job"", ""Score"": ""3""}, {""Category"": ""Salaryman"", ""Score"": ""2""}, {""Category"": ""Variations on a Theme"", ""Score"": ""12""}]",8.48
Touch,"[""Comedy"", ""Drama"", ""Romance"", ""School Life"", ""Shounen"", ""Slice of Life"", ""Sports""]","[{""Category"": ""Adapted to Anime"", ""Score"": ""16""}, {""Category"": ""Award-Winning Work"", ""Score"": ""16""}, {""Category"": ""Baseball"", ""Score"": ""22""}, {""Category"": ""Childhood Friend/s"", ""Score"": ""21""}, {""Category"": ""Classic Manga"", ""Score"": ""10""}, {""Category"": ""Club/s"", ""Score"": ""18""}, {""Category"": ""Girl Next Door"", ""Score"": ""9""}, {""Category"": ""Rivalry"", ""Score"": ""13""}, {""Category"": ""Sudden Death/s"", ""Score"": ""15""}, {""Category"": ""Twin/s"", ""Score"": ""18""}]",8.48
NG Life,"[""Comedy"", ""Drama"", ""Gender Bender"", ""Historical"", ""Romance"", ""School Life"", ""Shoujo"", ""Supernatural""]","[{""Category"": ""Beautiful Female Lead"", ""Score"": ""29""}, {""Category"": ""Character Growth"", ""Score"": ""22""}, {""Category"": ""Friendship"", ""Score"": ""24""}, {""Category"": ""Past Plays a Big Role"", ""Score"": ""15""}, {""Category"": ""Quirky Character/s"", ""Score"": ""21""}, {""Category"": ""Reincarnation"", ""Score"": ""53""}, {""Category"": ""Slow Romance"", ""Score"": ""19""}, {""Category"": ""Smart Female Lead"", ""Score"": ""15""}, {""Category"": ""Strong Female Lead"", ""Score"": ""17""}, {""Category"": ""Strong Male Lead"", ""Score"": ""29""}]",8.48
Mirai no Kioku,"[""Comedy"", ""Drama"", ""Romance"", ""Slice of Life"", ""Yaoi""]","[{""Category"": ""Bickering Love"", ""Score"": ""26""}, {""Category"": ""Couple Growth"", ""Score"": ""17""}, {""Category"": ""Dead Family Member/s"", ""Score"": ""12""}, {""Category"": ""Disapproved Relationship"", ""Score"": ""18""}, {""Category"": ""Insecurity"", ""Score"": ""13""}, {""Category"": ""Mismatched Couple"", ""Score"": ""18""}, {""Category"": ""Older Uke Younger Seme"", ""Score"": ""16""}, {""Category"": ""Straight Seme"", ""Score"": ""14""}, {""Category"": ""Teacher-Teacher Relationship"", ""Score"": ""30""}, {""Category"": ""Teacher/s"", ""Score"": ""26""}]",8.48
Beelzebub,"[""Action"", ""Comedy"", ""Drama"", ""School Life"", ""Shounen"", ""Supernatural""]","[{""Category"": ""Adapted to Anime"", ""Score"": ""122""}, {""Category"": ""Baby/ies"", ""Score"": ""215""}, {""Category"": ""Childcare"", ""Score"": ""166""}, {""Category"": ""Delinquent/s"", ""Score"": ""231""}, {""Category"": ""Demon/s"", ""Score"": ""220""}, {""Category"": ""Devil/s"", ""Score"": ""167""}, {""Category"": ""Female Fighter/s"", ""Score"": ""167""}, {""Category"": ""Odd Situation/s"", ""Score"": ""156""}, {""Category"": ""Strong Female Lead"", ""Score"": ""125""}, {""Category"": ""Strong Male Lead"", ""Score"": ""150""}]",8.48
Marie no Kanaderu Ongaku,"[""Drama"", ""Fantasy"", ""Mature"", ""Psychological"", ""Sci-fi"", ""Seinen"", ""Tragedy""]","[{""Category"": ""Alternative Future"", ""Score"": ""22""}, {""Category"": ""Childhood Friend/s"", ""Score"": ""22""}, {""Category"": ""Childhood Trauma"", ""Score"": ""20""}, {""Category"": ""Chosen One"", ""Score"": ""22""}, {""Category"": ""Feelings Through Music"", ""Score"": ""16""}, {""Category"": ""Obsessive Love"", ""Score"": ""13""}, {""Category"": ""Post-Apocalyptic"", ""Score"": ""23""}, {""Category"": ""Reflections on Human Nature"", ""Score"": ""11""}, {""Category"": ""Scientific Transformation/s"", ""Score"": ""14""}, {""Category"": ""Unrequited Love"", ""Score"": ""15""}]",8.48
Kouun no Rihatsushi,"[""Comedy"", ""Romance"", ""Slice of Life"", ""Yaoi""]","[{""Category"": ""Acting"", ""Score"": ""35""}, {""Category"": ""Actor/s"", ""Score"": ""27""}, {""Category"": ""Affectionate Seme"", ""Score"": ""19""}, {""Category"": ""Age Gap"", ""Score"": ""28""}, {""Category"": ""Hairstylist/s"", ""Score"": ""42""}, {""Category"": ""Innocent Male Lead"", ""Score"": ""17""}, {""Category"": ""Long-Distance Relationship"", ""Score"": ""16""}, {""Category"": ""Music Band/s"", ""Score"": ""24""}, {""Category"": ""Older Uke Younger Seme"", ""Score"": ""27""}, {""Category"": ""Shy Protagonist"", ""Score"": ""18""}]",8.48
Sekine-kun no Koi,"[""Comedy"", ""Drama"", ""Josei"", ""Mature"", ""Psychological"", ""Romance"", ""Slice of Life""]","[{""Category"": ""Bad Experiences"", ""Score"": ""36""}, {""Category"": ""Crafts"", ""Score"": ""44""}, {""Category"": ""Depression"", ""Score"": ""41""}, {""Category"": ""Glasses-Wearing Male Lead"", ""Score"": ""47""}, {""Category"": ""Handsome Male Lead"", ""Score"": ""42""}, {""Category"": ""Indifferent Protagonist"", ""Score"": ""42""}, {""Category"": ""Past Plays a Big Role"", ""Score"": ""36""}, {""Category"": ""Popular Male Lead"", ""Score"": ""42""}, {""Category"": ""Salaryman"", ""Score"": ""43""}, {""Category"": ""Sexual Abuse"", ""Score"": ""40""}]",8.48
The Pizza Delivery Man and the Gold Palace,"[""Drama"", ""Psychological"", ""Romance"", ""Shounen Ai"", ""Yaoi""]","[{""Category"": ""Abusive Father"", ""Score"": ""6""}, {""Category"": ""Anxiety"", ""Score"": ""8""}, {""Category"": ""Chaebol"", ""Score"": ""6""}, {""Category"": ""Debt/s"", ""Score"": ""6""}, {""Category"": ""Delivery Man"", ""Score"": ""7""}, {""Category"": ""Insomnia"", ""Score"": ""8""}, {""Category"": ""Kind Seme"", ""Score"": ""6""}, {""Category"": ""Panic Attacks"", ""Score"": ""7""}, {""Category"": ""Poor Seme"", ""Score"": ""7""}, {""Category"": ""Rich Person Pursuing Poor Person"", ""Score"": ""6""}]",8.47
Boku no Omawari-san,"[""Comedy"", ""Romance"", ""Slice of Life"", ""Smut"", ""Yaoi""]","[{""Category"": ""Adult Couple"", ""Score"": ""7""}, {""Category"": ""Age Gap"", ""Score"": ""10""}, {""Category"": ""Height Difference"", ""Score"": ""9""}, {""Category"": ""Middle-Aged Protagonist"", ""Score"": ""7""}, {""Category"": ""Older Uke Younger Seme"", ""Score"": ""7""}, {""Category"": ""Past Plays a Big Role"", ""Score"": ""8""}, {""Category"": ""Police"", ""Score"": ""10""}, {""Category"": ""Reunion/s"", ""Score"": ""8""}, {""Category"": ""Straight Uke"", ""Score"": ""8""}, {""Category"": ""Unrequited Love Becomes Requited"", ""Score"": ""8""}]",8.47
The Dangerous Convenience Store,"[""Comedy"", ""Romance"", ""Smut"", ""Yaoi""]","[{""Category"": ""Age Gap"", ""Score"": ""17""}, {""Category"": ""Blunt Male Lead"", ""Score"": ""13""}, {""Category"": ""Convenience Store/s"", ""Score"": ""11""}, {""Category"": ""Gangster/s"", ""Score"": ""14""}, {""Category"": ""Gay Uke"", ""Score"": ""12""}, {""Category"": ""Older Seme Younger Uke"", ""Score"": ""13""}, {""Category"": ""Scary Seme"", ""Score"": ""13""}, {""Category"": ""Size Difference"", ""Score"": ""15""}, {""Category"": ""Unexpected Feelings"", ""Score"": ""11""}, {""Category"": ""University/Post-Secondary Student/s"", ""Score"": ""13""}]",8.47
Mx0,"[""Action"", ""Comedy"", ""Ecchi"", ""Fantasy"", ""School Life"", ""Shounen"", ""Supernatural""]","[{""Category"": ""Deception"", ""Score"": ""46""}, {""Category"": ""Love at First Sight"", ""Score"": ""46""}, {""Category"": ""Magic"", ""Score"": ""104""}, {""Category"": ""Magic School"", ""Score"": ""95""}, {""Category"": ""Male Protagonist"", ""Score"": ""0""}, {""Category"": ""Misunderstanding/s"", ""Score"": ""50""}, {""Category"": ""Rushed Ending / Axed"", ""Score"": ""97""}, {""Category"": ""Smart Male Lead"", ""Score"": ""41""}, {""Category"": ""Strong Male Lead"", ""Score"": ""17""}, {""Category"": ""Strong-Willed Male Lead"", ""Score"": ""23""}]",8.47
Ore Monogatari!!,"[""Comedy"", ""Drama"", ""Romance"", ""School Life"", ""Shoujo"", ""Slice of Life""]","[{""Category"": ""Appearance Different from Personality"", ""Score"": ""39""}, {""Category"": ""Best Friends"", ""Score"": ""41""}, {""Category"": ""Childhood Friend/s"", ""Score"": ""41""}, {""Category"": ""Female Demographic with Male Lead"", ""Score"": ""31""}, {""Category"": ""First Love"", ""Score"": ""30""}, {""Category"": ""Friendship"", ""Score"": ""32""}, {""Category"": ""Important Non-Romantic Relationship/s"", ""Score"": ""32""}, {""Category"": ""Kind Male Lead"", ""Score"": ""30""}, {""Category"": ""Love at First Sight"", ""Score"": ""29""}, {""Category"": ""Strong Male Lead"", ""Score"": ""34""}]",8.47
Ze,"[""Comedy"", ""Drama"", ""Gender Bender"", ""Historical"", ""Romance"", ""Smut"", ""Supernatural"", ""Yaoi""]","[{""Category"": ""Age Gap"", ""Score"": ""29""}, {""Category"": ""Angst"", ""Score"": ""35""}, {""Category"": ""Doll Maker"", ""Score"": ""30""}, {""Category"": ""Doll/s"", ""Score"": ""39""}, {""Category"": ""Glasses-Wearing Male Lead"", ""Score"": ""20""}, {""Category"": ""Love at First Sight"", ""Score"": ""19""}, {""Category"": ""Magic"", ""Score"": ""26""}, {""Category"": ""Puppet Master"", ""Score"": ""33""}, {""Category"": ""Special Ability/ies"", ""Score"": ""38""}, {""Category"": ""Tragic Past"", ""Score"": ""31""}]",8.47
New York New York,"[""Mature"", ""Psychological"", ""Romance"", ""Shoujo"", ""Slice of Life"", ""Tragedy"", ""Yaoi""]","[{""Category"": ""America"", ""Score"": ""21""}, {""Category"": ""Hidden Past"", ""Score"": ""16""}, {""Category"": ""Homophobia"", ""Score"": ""18""}, {""Category"": ""Kidnapping/s"", ""Score"": ""18""}, {""Category"": ""LGBT Parent/s"", ""Score"": ""17""}, {""Category"": ""Love at First Sight"", ""Score"": ""20""}, {""Category"": ""New York City"", ""Score"": ""22""}, {""Category"": ""Police"", ""Score"": ""23""}, {""Category"": ""Realistic Homosexual Relationship/s"", ""Score"": ""18""}, {""Category"": ""Tragic Past"", ""Score"": ""21""}]",8.47
Michiru Heya,"[""Drama"", ""Mature"", ""Romance"", ""School Life"", ""Yaoi""]","[{""Category"": ""All-Boys School"", ""Score"": ""42""}, {""Category"": ""Boarding School"", ""Score"": ""35""}, {""Category"": ""Catholic School"", ""Score"": ""30""}, {""Category"": ""Childhood Trauma"", ""Score"": ""34""}, {""Category"": ""Dead Family Member/s"", ""Score"": ""31""}, {""Category"": ""Glasses-Wearing Seme"", ""Score"": ""34""}, {""Category"": ""Prostitution"", ""Score"": ""36""}, {""Category"": ""Rape"", ""Score"": ""31""}, {""Category"": ""Roommates"", ""Score"": ""39""}, {""Category"": ""Tragic Past"", ""Score"": ""31""}]",8.47
Gangsta.,"[""Action"", ""Drama"", ""Mature"", ""Seinen"", ""Supernatural"", ""Tragedy""]","[{""Category"": ""Antihero / Antiheroine"", ""Score"": ""45""}, {""Category"": ""Crime/s"", ""Score"": ""48""}, {""Category"": ""Deafness"", ""Score"": ""47""}, {""Category"": ""Gang/s"", ""Score"": ""44""}, {""Category"": ""Gigolo"", ""Score"": ""43""}, {""Category"": ""Prostitute/s"", ""Score"": ""45""}, {""Category"": ""Prostitution"", ""Score"": ""42""}, {""Category"": ""Sign Language"", ""Score"": ""43""}, {""Category"": ""Swordsman"", ""Score"": ""47""}, {""Category"": ""Tragic Past"", ""Score"": ""43""}]",8.47
Dear Green: Hitomi no Ounowa,"[""Drama"", ""Slice of Life"", ""Yaoi""]","[{""Category"": ""Affectionate Seme"", ""Score"": ""12""}, {""Category"": ""Character Growth"", ""Score"": ""15""}, {""Category"": ""Ex-Girlfriend"", ""Score"": ""14""}, {""Category"": ""Flashbacks"", ""Score"": ""11""}, {""Category"": ""Friends Become Lovers"", ""Score"": ""25""}, {""Category"": ""Live-in Lover"", ""Score"": ""12""}, {""Category"": ""Manly Gay Couple"", ""Score"": ""13""}, {""Category"": ""Slow Romance"", ""Score"": ""15""}, {""Category"": ""Time Skip"", ""Score"": ""14""}, {""Category"": ""Unconditional Love"", ""Score"": ""11""}]",8.47
Gu Fang Bu Zi Shang (Novel),"[""Drama"", ""Historical"", ""Josei"", ""Romance"", ""Tragedy""]","[{""Category"": ""Adapted to Manhua"", ""Score"": ""8""}, {""Category"": ""Arrogant Male Lead"", ""Score"": ""6""}, {""Category"": ""Betrayal"", ""Score"": ""6""}, {""Category"": ""Enemies Become Lovers"", ""Score"": ""7""}, {""Category"": ""Friends Become Enemies"", ""Score"": ""6""}, {""Category"": ""Manipulation"", ""Score"": ""7""}, {""Category"": ""Politics"", ""Score"": ""8""}, {""Category"": ""Secret Identity"", ""Score"": ""7""}, {""Category"": ""Smart Female Lead"", ""Score"": ""8""}, {""Category"": ""Talented Female Lead"", ""Score"": ""7""}]",8.47
D.Gray-man,"[""Action"", ""Adventure"", ""Drama"", ""Fantasy"", ""Mystery"", ""Psychological"", ""Shounen"", ""Supernatural"", ""Tragedy""]","[{""Category"": ""Adapted to Anime"", ""Score"": ""115""}, {""Category"": ""European Ambience"", ""Score"": ""108""}, {""Category"": ""Gothic Style"", ""Score"": ""107""}, {""Category"": ""Hidden Past"", ""Score"": ""121""}, {""Category"": ""Inner Demon/s"", ""Score"": ""85""}, {""Category"": ""Monster/s"", ""Score"": ""117""}, {""Category"": ""Secret Organization/s"", ""Score"": ""124""}, {""Category"": ""Special Ability/ies"", ""Score"": ""128""}, {""Category"": ""Teamwork"", ""Score"": ""90""}, {""Category"": ""Victorian Era"", ""Score"": ""87""}]",8.47
A Night of a Thousand Dreams,"[""Drama"", ""Historical"", ""Psychological"", ""Romance"", ""Shounen Ai"", ""Tragedy""]","[{""Category"": ""Androgynous Protagonist"", ""Score"": ""25""}, {""Category"": ""Angst"", ""Score"": ""24""}, {""Category"": ""Based on a Classic"", ""Score"": ""35""}, {""Category"": ""Clever Protagonist"", ""Score"": ""18""}, {""Category"": ""Love Triangle/s"", ""Score"": ""17""}, {""Category"": ""Middle Eastern"", ""Score"": ""35""}, {""Category"": ""Possessive Lover/s"", ""Score"": ""29""}, {""Category"": ""Royalty"", ""Score"": ""26""}, {""Category"": ""Story within Story"", ""Score"": ""28""}, {""Category"": ""Younger Sister"", ""Score"": ""17""}]",8.47
Gunnm Last Order,"[""Action"", ""Adventure"", ""Drama"", ""Mature"", ""Psychological"", ""Sci-fi"", ""Seinen""]","[{""Category"": ""Armed Combat"", ""Score"": ""22""}, {""Category"": ""Cyberpunk"", ""Score"": ""15""}, {""Category"": ""Cyborg/s"", ""Score"": ""19""}, {""Category"": ""Dystopia"", ""Score"": ""21""}, {""Category"": ""Extended Flashbacks"", ""Score"": ""20""}, {""Category"": ""Female Fighter/s"", ""Score"": ""22""}, {""Category"": ""Male Demographic with Female Lead"", ""Score"": ""12""}, {""Category"": ""Strong Female Lead"", ""Score"": ""21""}, {""Category"": ""Tournament/s"", ""Score"": ""24""}, {""Category"": ""Vampire/s"", ""Score"": ""16""}]",8.46
Kizuna,"[""Comedy"", ""Drama"", ""Romance"", ""School Life"", ""Smut"", ""Sports"", ""Yaoi""]","[{""Category"": ""Affectionate Seme"", ""Score"": ""14""}, {""Category"": ""Age Gap"", ""Score"": ""20""}, {""Category"": ""Character Growth"", ""Score"": ""13""}, {""Category"": ""Childhood Friend/s"", ""Score"": ""18""}, {""Category"": ""Childhood Love"", ""Score"": ""12""}, {""Category"": ""Couple Growth"", ""Score"": ""16""}, {""Category"": ""Host/Hostess"", ""Score"": ""13""}, {""Category"": ""Kendo"", ""Score"": ""21""}, {""Category"": ""Live-in Lover"", ""Score"": ""14""}, {""Category"": ""Mafia"", ""Score"": ""23""}]",8.46
Tetsugaku Letra,"[""Drama"", ""Psychological"", ""Romance"", ""School Life"", ""Shounen"", ""Slice of Life"", ""Sports""]","[{""Category"": ""Awkward Male Lead"", ""Score"": ""15""}, {""Category"": ""Basketball"", ""Score"": ""24""}, {""Category"": ""Bullying"", ""Score"": ""26""}, {""Category"": ""Character Growth"", ""Score"": ""31""}, {""Category"": ""Dancing"", ""Score"": ""34""}, {""Category"": ""Friendship"", ""Score"": ""11""}, {""Category"": ""High School"", ""Score"": ""22""}, {""Category"": ""Short Male Lead"", ""Score"": ""22""}, {""Category"": ""Starting a New Life"", ""Score"": ""33""}, {""Category"": ""Tall Female Lead"", ""Score"": ""20""}]",8.46
Yuki to Matsu,"[""Drama"", ""Historical"", ""Psychological"", ""Romance"", ""Yaoi""]","[{""Category"": ""Betrayal"", ""Score"": ""6""}, {""Category"": ""Cohabitation"", ""Score"": ""5""}, {""Category"": ""Doctor/s"", ""Score"": ""7""}, {""Category"": ""Edo Period"", ""Score"": ""7""}, {""Category"": ""Ex-Yakuza"", ""Score"": ""5""}, {""Category"": ""Male Prostitution"", ""Score"": ""5""}, {""Category"": ""Parental Abandonment"", ""Score"": ""5""}, {""Category"": ""Prostitution"", ""Score"": ""6""}, {""Category"": ""Traumatic Past"", ""Score"": ""5""}, {""Category"": ""Yakuza/s"", ""Score"": ""6""}]",8.46
Yamamoto Zenjirou to Moushimasu,"[""Drama"", ""Shoujo"", ""Slice of Life"", ""Supernatural""]","[{""Category"": ""Childcare"", ""Score"": ""30""}, {""Category"": ""Childhood"", ""Score"": ""30""}, {""Category"": ""Coma"", ""Score"": ""23""}, {""Category"": ""Dead Family Member/s"", ""Score"": ""28""}, {""Category"": ""Family"", ""Score"": ""25""}, {""Category"": ""Farmer/s"", ""Score"": ""32""}, {""Category"": ""Father and Daughter"", ""Score"": ""28""}, {""Category"": ""Ghost/s"", ""Score"": ""37""}, {""Category"": ""Seeing Things Other Humans Can't"", ""Score"": ""26""}, {""Category"": ""Transfer Student/s"", ""Score"": ""30""}]",8.46
Sarashi Asobi,"[""Drama"", ""Romance"", ""School Life"", ""Shoujo"", ""Supernatural""]","[{""Category"": ""Appearance Different from Personality"", ""Score"": ""27""}, {""Category"": ""Bad Reputation"", ""Score"": ""22""}, {""Category"": ""Imminent Death"", ""Score"": ""17""}, {""Category"": ""Love Triangle/s"", ""Score"": ""12""}, {""Category"": ""Rebirth"", ""Score"": ""12""}, {""Category"": ""Shinigami/Grim Reaper"", ""Score"": ""31""}, {""Category"": ""Strong Female Lead"", ""Score"": ""29""}, {""Category"": ""Student Council"", ""Score"": ""30""}, {""Category"": ""Tsundere Character/s"", ""Score"": ""23""}, {""Category"": ""Unorthodox Male Love Interest"", ""Score"": ""18""}]",8.46
Kekkaishi,"[""Action"", ""Adventure"", ""Comedy"", ""Drama"", ""School Life"", ""Shounen"", ""Supernatural""]","[{""Category"": ""Adapted to Anime"", ""Score"": ""89""}, {""Category"": ""Award-Winning Work"", ""Score"": ""67""}, {""Category"": ""Character Growth"", ""Score"": ""103""}, {""Category"": ""Childhood Friend/s"", ""Score"": ""110""}, {""Category"": ""Demon/s"", ""Score"": ""95""}, {""Category"": ""Exorcism"", ""Score"": ""91""}, {""Category"": ""Ghost/s"", ""Score"": ""42""}, {""Category"": ""Shikigami"", ""Score"": ""46""}, {""Category"": ""Special Ability/ies"", ""Score"": ""107""}, {""Category"": ""Youkai"", ""Score"": ""42""}]",8.46
Shin Angyo Onshi,"[""Action"", ""Adventure"", ""Drama"", ""Fantasy"", ""Historical"", ""Mature"", ""Seinen"", ""Tragedy""]","[{""Category"": ""Antihero / Antiheroine"", ""Score"": ""40""}, {""Category"": ""Betrayal"", ""Score"": ""48""}, {""Category"": ""Bodyguard/s"", ""Score"": ""46""}, {""Category"": ""Dead Lover/s"", ""Score"": ""42""}, {""Category"": ""Extended Flashbacks"", ""Score"": ""49""}, {""Category"": ""Female Fighter/s"", ""Score"": ""54""}, {""Category"": ""Magic"", ""Score"": ""46""}, {""Category"": ""Monster/s"", ""Score"": ""52""}, {""Category"": ""Regret"", ""Score"": ""29""}, {""Category"": ""War/s"", ""Score"": ""50""}]",8.46
"Haikei, Niisan-sama","[""Drama"", ""Romance"", ""School Life"", ""Shounen Ai"", ""Slice of Life""]","[{""Category"": ""Age Gap"", ""Score"": ""18""}, {""Category"": ""Brother Complex"", ""Score"": ""56""}, {""Category"": ""Brother/s"", ""Score"": ""19""}, {""Category"": ""Incest"", ""Score"": ""39""}, {""Category"": ""Letter/s"", ""Score"": ""48""}, {""Category"": ""Restrained Love"", ""Score"": ""17""}, {""Category"": ""Reunion/s"", ""Score"": ""47""}, {""Category"": ""Sibling Love"", ""Score"": ""17""}, {""Category"": ""Unexpressed Feeling/s"", ""Score"": ""17""}, {""Category"": ""Younger Brother"", ""Score"": ""47""}]",8.46
"Yozora no Sumikko de,","[""Drama"", ""School Life"", ""Shounen Ai"", ""Slice of Life""]","[{""Category"": ""Astronomy"", ""Score"": ""25""}, {""Category"": ""Father and Son"", ""Score"": ""27""}, {""Category"": ""First Love"", ""Score"": ""28""}, {""Category"": ""Flashbacks"", ""Score"": ""27""}, {""Category"": ""Glasses-Wearing Male Lead"", ""Score"": ""29""}, {""Category"": ""Reunion/s"", ""Score"": ""31""}, {""Category"": ""Senpai-Kouhai Relationship"", ""Score"": ""32""}, {""Category"": ""Single Parent"", ""Score"": ""32""}, {""Category"": ""Teacher/s"", ""Score"": ""30""}, {""Category"": ""Time Skip"", ""Score"": ""27""}]",8.46
Rakuin no Monshou (Novel),"[""Action"", ""Adventure"", ""Drama"", ""Fantasy"", ""Mystery"", ""Psychological"", ""Romance"", ""Shounen"", ""Tragedy""]","[{""Category"": ""Clever Protagonist"", ""Score"": ""13""}, {""Category"": ""Gladiator/s"", ""Score"": ""13""}, {""Category"": ""Manipulative Protagonist"", ""Score"": ""12""}, {""Category"": ""Political Marriage"", ""Score"": ""12""}, {""Category"": ""Revenge"", ""Score"": ""14""}, {""Category"": ""Royalty"", ""Score"": ""13""}, {""Category"": ""Secret Identity"", ""Score"": ""14""}, {""Category"": ""Strategic Battles"", ""Score"": ""14""}, {""Category"": ""Strategic Minds"", ""Score"": ""13""}, {""Category"": ""Swordsman"", ""Score"": ""13""}]",8.46
Kiseijuu,"[""Action"", ""Drama"", ""Horror"", ""Mature"", ""Mystery"", ""Psychological"", ""Romance"", ""School Life"", ""Seinen"", ""Tragedy""]","[{""Category"": ""Alien/s"", ""Score"": ""56""}, {""Category"": ""Award-Winning Work"", ""Score"": ""40""}, {""Category"": ""Blood and Gore"", ""Score"": ""53""}, {""Category"": ""Body Horror"", ""Score"": ""50""}, {""Category"": ""Character Growth"", ""Score"": ""61""}, {""Category"": ""Romantic Subplot"", ""Score"": ""38""}, {""Category"": ""Special Ability/ies"", ""Score"": ""52""}, {""Category"": ""Strategic Minds"", ""Score"": ""45""}, {""Category"": ""Sudden Strength Gain"", ""Score"": ""48""}, {""Category"": ""Unique Infected Protagonist"", ""Score"": ""34""}]",8.46
Slow (ICHIKAWA Kei),"[""Comedy"", ""Drama"", ""Romance"", ""School Life"", ""Shounen Ai"", ""Slice of Life""]","[{""Category"": ""All-Boys School"", ""Score"": ""22""}, {""Category"": ""Baseball"", ""Score"": ""22""}, {""Category"": ""Cell Phone/s"", ""Score"": ""17""}, {""Category"": ""Cultural Festival"", ""Score"": ""23""}, {""Category"": ""High School"", ""Score"": ""22""}, {""Category"": ""Innocent Love"", ""Score"": ""21""}, {""Category"": ""Slow Romance"", ""Score"": ""28""}, {""Category"": ""Student-Student Relationship"", ""Score"": ""26""}, {""Category"": ""Student/s"", ""Score"": ""25""}, {""Category"": ""Train/s"", ""Score"": ""30""}]",8.46
Beauty Pop,"[""Comedy"", ""Drama"", ""Romance"", ""School Life"", ""Shoujo"", ""Slice of Life""]","[{""Category"": ""Calm Protagonist"", ""Score"": ""75""}, {""Category"": ""Club/s"", ""Score"": ""101""}, {""Category"": ""Hairstylist/s"", ""Score"": ""130""}, {""Category"": ""Lazy Protagonist"", ""Score"": ""92""}, {""Category"": ""Male Lead Falls in Love First"", ""Score"": ""73""}, {""Category"": ""Prodigy"", ""Score"": ""111""}, {""Category"": ""Rivals Become Lovers"", ""Score"": ""72""}, {""Category"": ""Slow Romance"", ""Score"": ""86""}, {""Category"": ""Strong Female Lead"", ""Score"": ""104""}, {""Category"": ""Talented Female Lead"", ""Score"": ""71""}]",8.46
Aitsu no Daihonmei,"[""Comedy"", ""Romance"", ""School Life"", ""Shounen Ai"", ""Slice of Life""]","[{""Category"": ""Character Who Bullies the One They Love"", ""Score"": ""71""}, {""Category"": ""Fangirl/s"", ""Score"": ""35""}, {""Category"": ""Inexperienced in Love"", ""Score"": ""39""}, {""Category"": ""Mismatched Couple"", ""Score"": ""63""}, {""Category"": ""Opposites Attract"", ""Score"": ""58""}, {""Category"": ""Possessive Lover/s"", ""Score"": ""31""}, {""Category"": ""Sadist/s"", ""Score"": ""53""}, {""Category"": ""School Idol/s"", ""Score"": ""51""}, {""Category"": ""Unpopular Protagonist"", ""Score"": ""65""}, {""Category"": ""Weight Loss"", ""Score"": ""32""}]",8.46
"Soredemo, Yasashii Koi o Suru","[""Drama"", ""Romance"", ""Slice of Life"", ""Yaoi""]","[{""Category"": ""Businessman / Businesswoman"", ""Score"": ""13""}, {""Category"": ""Friends Become Lovers"", ""Score"": ""15""}, {""Category"": ""Glasses-Wearing Male Lead"", ""Score"": ""13""}, {""Category"": ""Jealousy"", ""Score"": ""15""}, {""Category"": ""Love Confession/s"", ""Score"": ""14""}, {""Category"": ""Men in Suits"", ""Score"": ""12""}, {""Category"": ""Older Uke Younger Seme"", ""Score"": ""12""}, {""Category"": ""Realistic Homosexual Relationship/s"", ""Score"": ""12""}, {""Category"": ""Slow Romance"", ""Score"": ""14""}, {""Category"": ""Unrequited Love Becomes Requited"", ""Score"": ""12""}]",8.45
Can't See Can't Hear But Love,"[""Comedy"", ""Drama"", ""Romance"", ""Seinen"", ""Slice of Life"", ""Tragedy""]","[{""Category"": ""Blind Protagonist"", ""Score"": ""30""}, {""Category"": ""Blindness"", ""Score"": ""20""}, {""Category"": ""Cohabitation"", ""Score"": ""18""}, {""Category"": ""Deaf Protagonist"", ""Score"": ""28""}, {""Category"": ""Deafness"", ""Score"": ""23""}, {""Category"": ""Dementia"", ""Score"": ""19""}, {""Category"": ""Full Color"", ""Score"": ""25""}, {""Category"": ""Love Triangle/s"", ""Score"": ""18""}, {""Category"": ""Married Couple"", ""Score"": ""19""}, {""Category"": ""Poor Protagonist"", ""Score"": ""20""}]",8.45
Tonari no Kaibutsu-kun,"[""Comedy"", ""Drama"", ""Romance"", ""School Life"", ""Shoujo""]","[{""Category"": ""Appearance Different from Personality"", ""Score"": ""78""}, {""Category"": ""Character Growth"", ""Score"": ""78""}, {""Category"": ""Cold Female Lead"", ""Score"": ""115""}, {""Category"": ""Delinquent/s"", ""Score"": ""86""}, {""Category"": ""Independent Female Lead"", ""Score"": ""80""}, {""Category"": ""Naive Male Lead"", ""Score"": ""75""}, {""Category"": ""Quirky Character/s"", ""Score"": ""77""}, {""Category"": ""Smart Female Lead"", ""Score"": ""113""}, {""Category"": ""Smart Male Lead"", ""Score"": ""100""}, {""Category"": ""Social Outcast/s"", ""Score"": ""102""}]",8.45
Kyokou Suiri,"[""Action"", ""Comedy"", ""Drama"", ""Mystery"", ""Romance"", ""Shounen"", ""Supernatural""]","[{""Category"": ""Amputee/s"", ""Score"": ""14""}, {""Category"": ""Inhuman Power"", ""Score"": ""15""}, {""Category"": ""Japanese Folklore"", ""Score"": ""14""}, {""Category"": ""Older Male Younger Female"", ""Score"": ""14""}, {""Category"": ""Prosthesis"", ""Score"": ""13""}, {""Category"": ""Quirky Character/s"", ""Score"": ""14""}, {""Category"": ""Regeneration"", ""Score"": ""15""}, {""Category"": ""Seeing Things Other Humans Can't"", ""Score"": ""17""}, {""Category"": ""Short Female Lead"", ""Score"": ""13""}, {""Category"": ""Youkai"", ""Score"": ""17""}]",8.45
Saiunkoku Monogatari,"[""Comedy"", ""Drama"", ""Fantasy"", ""Harem"", ""Historical"", ""Romance"", ""Shoujo""]","[{""Category"": ""Adapted to Anime"", ""Score"": ""37""}, {""Category"": ""Ambitious Female Lead"", ""Score"": ""31""}, {""Category"": ""Based on a Novel"", ""Score"": ""37""}, {""Category"": ""Concubine/s"", ""Score"": ""24""}, {""Category"": ""Politics"", ""Score"": ""47""}, {""Category"": ""Reverse Harem"", ""Score"": ""39""}, {""Category"": ""Royalty"", ""Score"": ""48""}, {""Category"": ""Secret Identity"", ""Score"": ""30""}, {""Category"": ""Smart Female Lead"", ""Score"": ""23""}, {""Category"": ""Strong Female Lead"", ""Score"": ""41""}]",8.45
Gakuen Alice,"[""Comedy"", ""Drama"", ""Fantasy"", ""Mystery"", ""Romance"", ""School Life"", ""Shoujo"", ""Tragedy""]","[{""Category"": ""Boarding School"", ""Score"": ""83""}, {""Category"": ""Cool Male Lead"", ""Score"": ""69""}, {""Category"": ""Dormitory/ies"", ""Score"": ""78""}, {""Category"": ""Love Triangle/s"", ""Score"": ""73""}, {""Category"": ""Love-Hate Relationship"", ""Score"": ""67""}, {""Category"": ""Magic"", ""Score"": ""71""}, {""Category"": ""Secret Organization/s"", ""Score"": ""79""}, {""Category"": ""Special Ability/ies"", ""Score"": ""93""}, {""Category"": ""Strong Female Lead"", ""Score"": ""67""}, {""Category"": ""Student/s"", ""Score"": ""83""}]",8.45
Akagami no Shirayukihime,"[""Comedy"", ""Drama"", ""Fantasy"", ""Romance"", ""Shoujo"", ""Slice of Life""]","[{""Category"": ""Bodyguard/s"", ""Score"": ""112""}, {""Category"": ""Castle"", ""Score"": ""125""}, {""Category"": ""Pharmacist/s"", ""Score"": ""140""}, {""Category"": ""Plant/s"", ""Score"": ""115""}, {""Category"": ""Prince/s"", ""Score"": ""149""}, {""Category"": ""Rich Protagonist"", ""Score"": ""96""}, {""Category"": ""Royalty"", ""Score"": ""167""}, {""Category"": ""Smart Female Lead"", ""Score"": ""146""}, {""Category"": ""Strong Female Lead"", ""Score"": ""156""}, {""Category"": ""Strong Male Lead"", ""Score"": ""124""}]",8.45
